item_id,order_id,product_id,quantity,unit_price
1,1,67,3,835.73
2,1,45,3,615.91
3,1,17,1,124.07
4,1,71,1,160.71
5,2,65,1,459.7
6,2,8,2,34.51
7,2,16,1,644.43
8,2,67,1,835.73
9,3,29,2,551.91
10,3,45,1,615.91
11,3,67,2,835.73
12,4,71,1,160.71
13,4,36,3,34.16
14,5,69,3,652.99
15,5,12,1,207.38
16,5,65,3,459.7
17,6,22,3,710.99
18,6,44,1,535.29
19,7,11,1,872.57
20,8,27,3,135.89
21,8,74,3,609.23
22,8,54,1,833.73
23,9,70,1,949.17
24,9,38,3,886.39
25,9,39,2,698.69
26,9,62,2,568.18
27,10,10,2,167.45
28,10,8,2,34.51
29,10,21,2,899.61
30,10,57,1,749.29
31,11,19,2,600.01
32,11,41,1,779.86
33,11,45,2,615.91
34,12,41,1,779.86
35,13,16,1,644.43
36,13,35,1,317.0
37,13,58,1,227.01
38,13,32,2,477.98
39,14,54,3,833.73
40,14,32,3,477.98
41,14,21,2,899.61
42,14,42,1,522.26
43,15,64,2,59.73
44,15,66,2,753.74
45,16,64,2,59.73
46,16,3,3,51.37
47,16,12,2,207.38
48,17,28,2,749.91
49,17,75,1,964.11
50,18,37,2,850.39
51,19,37,2,850.39
52,19,69,1,652.99
53,19,2,2,586.1
54,19,14,3,33.4
55,20,52,2,221.6
56,20,47,1,266.34
57,20,6,3,751.23
58,21,47,2,266.34
59,21,71,1,160.71
60,22,65,3,459.7
61,22,58,3,227.01
62,22,71,3,160.71
63,22,36,1,34.16
64,23,13,2,311.83
65,23,51,2,159.17
66,24,19,2,600.01
67,24,26,3,413.9
68,24,66,1,753.74
69,25,5,1,781.53
70,26,61,1,538.25
71,26,67,3,835.73
72,26,59,3,394.58
73,27,42,1,522.26
74,27,41,2,779.86
75,28,44,3,535.29
76,28,65,2,459.7
77,28,66,3,753.74
78,29,61,2,538.25
79,29,3,3,51.37
80,29,48,1,489.27
81,30,75,2,964.11
82,30,40,3,155.95
83,30,4,3,217.77
84,30,61,3,538.25
85,31,7,2,975.47
86,31,75,1,964.11
87,32,19,3,600.01
88,32,32,1,477.98
89,32,5,1,781.53
90,32,74,1,609.23
91,33,41,3,779.86
92,33,54,1,833.73
93,33,20,2,609.54
94,33,53,3,546.64
95,34,8,3,34.51
96,34,18,2,961.95
97,34,67,3,835.73
98,34,27,2,135.89
99,35,41,2,779.86
100,35,23,3,436.55
101,35,59,2,394.58
102,35,69,3,652.99
103,36,62,2,568.18
104,36,25,3,900.15
105,36,32,2,477.98
106,37,39,3,698.69
107,37,37,1,850.39
108,38,41,3,779.86
109,38,62,2,568.18
110,38,45,2,615.91
111,38,72,1,123.13
112,39,51,1,159.17
113,39,45,2,615.91
114,39,19,3,600.01
115,39,38,1,886.39
116,40,57,1,749.29
117,40,33,1,93.86
118,40,62,3,568.18
119,41,72,1,123.13
120,41,35,3,317.0
121,41,18,3,961.95
122,42,32,3,477.98
123,42,7,3,975.47
124,43,30,1,217.87
125,43,7,2,975.47
126,44,61,1,538.25
127,44,13,3,311.83
128,44,18,1,961.95
129,45,61,2,538.25
130,45,62,2,568.18
131,45,26,3,413.9
132,45,37,1,850.39
133,46,74,1,609.23
134,47,23,2,436.55
135,48,5,2,781.53
136,48,51,1,159.17
137,49,5,3,781.53
138,49,2,3,586.1
139,49,39,1,698.69
140,50,37,3,850.39
141,50,59,2,394.58
142,50,70,1,949.17
143,51,35,1,317.0
144,51,25,3,900.15
145,51,15,2,285.54
146,51,43,3,461.44
147,52,24,2,320.46
148,52,2,3,586.1
149,52,44,3,535.29
150,53,23,2,436.55
151,53,52,3,221.6
152,54,12,1,207.38
153,54,52,1,221.6
154,54,13,2,311.83
155,55,32,2,477.98
156,55,1,1,903.99
157,55,34,2,819.42
158,56,43,3,461.44
159,56,39,3,698.69
160,56,75,1,964.11
161,57,47,3,266.34
162,57,31,1,446.93
163,57,8,2,34.51
164,58,21,3,899.61
165,58,52,2,221.6
166,58,65,3,459.7
167,59,38,2,886.39
168,60,29,2,551.91
169,60,18,1,961.95
170,61,48,3,489.27
171,61,54,3,833.73
172,61,71,1,160.71
173,61,61,1,538.25
174,62,68,2,543.49
175,63,10,1,167.45
176,63,73,3,701.77
177,63,15,3,285.54
178,64,74,1,609.23
179,64,69,1,652.99
180,65,67,3,835.73
181,65,57,1,749.29
182,65,15,3,285.54
183,66,12,2,207.38
184,66,66,1,753.74
185,66,58,3,227.01
186,66,8,2,34.51
187,67,73,3,701.77
188,67,8,2,34.51
189,67,72,3,123.13
190,67,60,1,173.23
191,68,33,1,93.86
192,68,1,1,903.99
193,68,28,2,749.91
194,68,75,2,964.11
195,69,70,1,949.17
196,70,61,1,538.25
197,71,53,3,546.64
198,71,24,3,320.46
199,71,18,3,961.95
200,72,48,3,489.27
201,72,49,3,86.63
202,72,58,3,227.01
203,72,11,1,872.57
204,73,16,2,644.43
205,73,23,3,436.55
206,73,69,1,652.99
207,74,1,2,903.99
208,74,3,2,51.37
209,75,69,2,652.99
210,75,49,2,86.63
211,75,30,1,217.87
212,75,32,2,477.98
213,76,15,3,285.54
214,76,5,2,781.53
215,77,31,1,446.93
216,78,13,3,311.83
217,79,58,3,227.01
218,80,32,3,477.98
219,81,52,2,221.6
220,82,70,1,949.17
221,82,28,1,749.91
222,83,30,3,217.87
223,83,74,3,609.23
224,83,41,3,779.86
225,84,31,3,446.93
226,84,39,3,698.69
227,84,19,1,600.01
228,85,39,3,698.69
229,85,36,3,34.16
230,85,8,1,34.51
231,85,72,3,123.13
232,86,72,3,123.13
233,86,64,3,59.73
234,86,7,2,975.47
235,86,45,3,615.91
236,87,54,2,833.73
237,87,53,2,546.64
238,87,20,1,609.54
239,88,31,2,446.93
240,88,29,1,551.91
241,88,39,3,698.69
242,88,19,2,600.01
243,89,72,1,123.13
244,89,68,2,543.49
245,89,18,1,961.95
246,89,50,2,342.15
247,90,58,2,227.01
248,91,69,3,652.99
249,92,7,2,975.47
250,92,35,3,317.0
251,93,10,1,167.45
252,94,62,2,568.18
253,94,27,2,135.89
254,95,28,1,749.91
255,96,62,1,568.18
256,97,51,3,159.17
257,97,31,2,446.93
258,98,49,3,86.63
259,98,60,2,173.23
260,98,69,2,652.99
261,99,47,2,266.34
262,99,66,1,753.74
263,99,64,3,59.73
264,100,41,1,779.86
265,100,27,3,135.89
266,100,48,1,489.27
267,100,53,3,546.64
268,101,3,3,51.37
269,101,34,3,819.42
270,102,38,1,886.39
271,102,20,2,609.54
272,102,26,3,413.9
273,102,43,1,461.44
274,103,71,3,160.71
275,103,44,3,535.29
276,103,33,3,93.86
277,103,63,2,433.9
278,104,22,2,710.99
279,104,46,1,451.01
280,104,18,3,961.95
281,104,70,3,949.17
282,105,68,1,543.49
283,106,7,1,975.47
284,107,18,1,961.95
285,107,30,1,217.87
286,107,9,3,803.41
287,107,20,2,609.54
288,108,8,1,34.51
289,108,62,1,568.18
290,108,63,3,433.9
291,109,2,3,586.1
292,109,3,2,51.37
293,109,68,1,543.49
294,109,36,3,34.16
295,110,23,1,436.55
296,110,14,1,33.4
297,110,13,1,311.83
298,110,68,3,543.49
299,111,46,1,451.01
300,111,35,2,317.0
301,111,51,2,159.17
302,112,73,3,701.77
303,112,32,1,477.98
304,112,29,3,551.91
305,112,39,3,698.69
306,113,12,2,207.38
307,114,49,3,86.63
308,114,71,1,160.71
309,114,61,3,538.25
310,114,8,1,34.51
311,115,64,2,59.73
312,116,73,1,701.77
313,116,13,1,311.83
314,116,68,1,543.49
315,117,35,3,317.0
316,117,6,3,751.23
317,117,10,3,167.45
318,117,36,1,34.16
319,118,41,1,779.86
320,118,3,3,51.37
321,119,51,2,159.17
322,119,10,1,167.45
323,120,73,3,701.77
324,120,50,3,342.15
325,121,50,3,342.15
326,121,18,3,961.95
327,121,11,2,872.57
328,122,13,2,311.83
329,123,10,3,167.45
330,123,44,3,535.29
331,124,42,2,522.26
332,124,4,1,217.77
333,124,35,2,317.0
334,124,58,3,227.01
335,125,56,1,755.19
336,125,24,3,320.46
337,125,75,2,964.11
338,125,49,1,86.63
339,126,11,2,872.57
340,127,49,3,86.63
341,127,20,2,609.54
342,128,47,1,266.34
343,128,14,2,33.4
344,128,12,2,207.38
345,129,35,1,317.0
346,129,14,1,33.4
347,129,17,2,124.07
348,130,72,1,123.13
349,130,66,1,753.74
350,130,53,2,546.64
351,130,14,3,33.4
352,131,42,2,522.26
353,132,38,2,886.39
354,133,11,3,872.57
355,133,72,1,123.13
356,133,32,3,477.98
357,133,74,2,609.23
358,134,18,2,961.95
359,134,35,2,317.0
360,135,19,2,600.01
361,135,9,2,803.41
362,135,22,2,710.99
363,135,56,2,755.19
364,136,47,2,266.34
365,137,64,2,59.73
366,137,26,1,413.9
367,138,39,2,698.69
368,138,1,2,903.99
369,139,43,2,461.44
370,139,57,2,749.29
371,139,56,3,755.19
372,139,18,3,961.95
373,140,62,1,568.18
374,140,41,2,779.86
375,141,38,1,886.39
376,141,63,2,433.9
377,141,74,2,609.23
378,142,51,3,159.17
379,142,47,1,266.34
380,142,15,3,285.54
381,143,71,3,160.71
382,143,4,2,217.77
383,144,57,3,749.29
384,144,38,1,886.39
385,145,64,2,59.73
386,145,18,3,961.95
387,145,39,1,698.69
388,145,31,3,446.93
389,146,49,3,86.63
390,146,10,2,167.45
391,146,58,3,227.01
392,146,62,3,568.18
393,147,70,3,949.17
394,147,5,3,781.53
395,147,47,1,266.34
396,147,69,1,652.99
397,148,46,3,451.01
398,148,22,3,710.99
399,149,73,3,701.77
400,150,43,1,461.44
401,150,56,2,755.19
402,150,14,1,33.4
403,150,2,3,586.1
404,151,58,2,227.01
405,151,48,2,489.27
406,152,45,2,615.91
407,152,4,1,217.77
408,153,54,3,833.73
409,153,11,1,872.57
410,153,15,2,285.54
411,154,44,3,535.29
412,154,59,2,394.58
413,154,27,2,135.89
414,155,13,1,311.83
415,155,57,2,749.29
416,155,58,1,227.01
417,155,41,3,779.86
418,156,3,2,51.37
419,157,22,3,710.99
420,158,67,3,835.73
421,158,23,1,436.55
422,159,72,1,123.13
423,159,55,2,386.2
424,159,60,3,173.23
425,160,24,2,320.46
426,160,56,1,755.19
427,161,58,2,227.01
428,161,55,1,386.2
429,162,27,3,135.89
430,162,36,1,34.16
431,163,69,1,652.99
432,164,42,1,522.26
433,164,26,2,413.9
434,164,59,3,394.58
435,165,68,3,543.49
436,165,41,1,779.86
437,165,50,2,342.15
438,165,51,2,159.17
439,166,23,2,436.55
440,166,39,1,698.69
441,166,11,1,872.57
442,166,18,2,961.95
443,167,24,2,320.46
444,168,66,2,753.74
445,168,50,3,342.15
446,169,74,2,609.23
447,169,50,1,342.15
448,170,69,2,652.99
449,170,23,2,436.55
450,170,72,1,123.13
451,170,22,1,710.99
452,171,58,1,227.01
453,171,7,2,975.47
454,171,46,1,451.01
455,172,50,3,342.15
456,172,72,3,123.13
457,173,53,2,546.64
458,173,63,1,433.9
459,173,54,1,833.73
460,173,57,3,749.29
461,174,29,2,551.91
462,175,36,1,34.16
463,176,22,3,710.99
464,176,59,2,394.58
465,176,73,3,701.77
466,177,74,1,609.23
467,178,70,3,949.17
468,178,47,2,266.34
469,178,6,3,751.23
470,179,55,3,386.2
471,179,14,3,33.4
472,180,39,2,698.69
473,180,5,2,781.53
474,181,12,1,207.38
475,181,57,1,749.29
476,181,16,3,644.43
477,182,55,1,386.2
478,182,22,1,710.99
479,182,18,1,961.95
480,183,69,2,652.99
481,183,36,3,34.16
482,183,22,2,710.99
483,184,74,3,609.23
484,184,35,1,317.0
485,184,66,1,753.74
486,185,8,1,34.51
487,185,36,3,34.16
488,185,17,2,124.07
489,185,32,1,477.98
490,186,63,3,433.9
491,186,19,2,600.01
492,186,74,2,609.23
493,186,35,2,317.0
494,187,12,2,207.38
495,188,48,2,489.27
496,188,59,3,394.58
497,188,63,1,433.9
498,189,59,3,394.58
499,190,9,1,803.41
500,190,69,2,652.99
501,190,51,1,159.17
502,191,35,3,317.0
503,191,42,3,522.26
504,191,37,1,850.39
505,191,44,3,535.29
506,192,44,3,535.29
507,192,7,2,975.47
508,192,6,1,751.23
509,192,13,1,311.83
510,193,57,1,749.29
511,193,59,2,394.58
512,194,17,1,124.07
513,194,39,2,698.69
514,195,47,2,266.34
515,196,48,3,489.27
516,197,7,3,975.47
517,197,51,2,159.17
518,198,55,3,386.2
519,198,12,1,207.38
520,199,28,2,749.91
521,200,17,3,124.07
522,201,67,1,835.73
523,201,57,1,749.29
524,202,16,2,644.43
525,202,55,1,386.2
526,202,17,1,124.07
527,203,12,2,207.38
528,203,14,1,33.4
529,203,41,2,779.86
530,203,48,1,489.27
531,204,9,3,803.41
532,204,68,1,543.49
533,205,57,3,749.29
534,205,45,1,615.91
535,206,53,1,546.64
536,206,57,1,749.29
537,207,18,1,961.95
538,208,45,1,615.91
539,208,55,2,386.2
540,208,41,3,779.86
541,208,18,1,961.95
542,209,71,3,160.71
543,209,37,1,850.39
544,210,27,1,135.89
545,210,67,3,835.73
546,210,66,2,753.74
547,211,7,2,975.47
548,211,31,1,446.93
549,211,64,1,59.73
550,212,10,2,167.45
551,212,68,1,543.49
552,212,2,2,586.1
553,212,47,3,266.34
554,213,47,1,266.34
555,213,70,1,949.17
556,213,23,3,436.55
557,213,61,1,538.25
558,214,34,1,819.42
559,215,8,2,34.51
560,216,65,3,459.7
561,216,54,2,833.73
562,216,55,1,386.2
563,217,36,2,34.16
564,217,11,1,872.57
565,218,20,2,609.54
566,218,69,2,652.99
567,219,40,3,155.95
568,220,31,2,446.93
569,220,8,1,34.51
570,220,32,2,477.98
571,220,12,3,207.38
572,221,40,3,155.95
573,222,16,3,644.43
574,222,2,1,586.1
575,223,21,2,899.61
576,224,67,2,835.73
577,224,34,1,819.42
578,224,22,3,710.99
579,225,16,2,644.43
580,225,4,2,217.77
581,225,43,3,461.44
582,226,34,3,819.42
583,227,64,2,59.73
584,228,8,1,34.51
585,228,64,2,59.73
586,228,73,1,701.77
587,229,14,1,33.4
588,229,74,3,609.23
589,229,15,3,285.54
590,230,6,1,751.23
591,231,6,2,751.23
592,231,61,2,538.25
593,232,23,3,436.55
594,232,5,3,781.53
595,233,29,3,551.91
596,233,42,2,522.26
597,233,32,2,477.98
598,233,54,1,833.73
599,234,16,1,644.43
600,234,65,1,459.7
601,234,7,3,975.47
602,235,52,1,221.6
603,236,37,3,850.39
604,236,40,2,155.95
605,236,42,1,522.26
606,236,12,2,207.38
607,237,38,2,886.39
608,237,73,3,701.77
609,238,60,3,173.23
610,238,48,2,489.27
611,239,70,1,949.17
612,239,32,1,477.98
613,240,4,3,217.77
614,240,30,3,217.87
615,240,70,1,949.17
616,240,45,2,615.91
617,241,49,3,86.63
618,242,14,1,33.4
619,242,27,2,135.89
620,242,68,2,543.49
621,243,19,3,600.01
622,244,12,3,207.38
623,244,6,2,751.23
624,244,30,3,217.87
625,245,59,1,394.58
626,245,11,3,872.57
627,245,75,1,964.11
628,246,10,3,167.45
629,246,73,1,701.77
630,246,8,1,34.51
631,246,56,2,755.19
632,247,41,2,779.86
633,247,51,2,159.17
634,247,42,2,522.26
635,248,10,1,167.45
636,248,26,3,413.9
637,249,20,1,609.54
638,250,58,2,227.01
639,250,60,2,173.23
640,251,69,2,652.99
641,252,58,2,227.01
642,252,40,2,155.95
643,253,12,1,207.38
644,254,6,1,751.23
645,254,28,1,749.91
646,254,42,3,522.26
647,255,46,3,451.01
648,255,51,1,159.17
649,256,34,2,819.42
650,256,23,2,436.55
651,256,4,3,217.77
652,257,13,1,311.83
653,257,60,1,173.23
654,258,2,1,586.1
655,259,17,2,124.07
656,259,26,2,413.9
657,260,75,3,964.11
658,261,10,1,167.45
659,261,3,3,51.37
660,261,9,2,803.41
661,262,12,1,207.38
662,262,43,1,461.44
663,263,7,3,975.47
664,263,22,2,710.99
665,263,74,2,609.23
666,263,56,1,755.19
667,264,55,1,386.2
668,264,23,2,436.55
669,264,46,2,451.01
670,264,28,2,749.91
671,265,5,3,781.53
672,265,32,2,477.98
673,266,53,1,546.64
674,266,71,2,160.71
675,266,62,2,568.18
676,266,8,1,34.51
677,267,26,1,413.9
678,267,68,2,543.49
679,267,32,3,477.98
680,267,70,2,949.17
681,268,70,3,949.17
682,268,63,2,433.9
683,268,45,2,615.91
684,268,73,2,701.77
685,269,4,3,217.77
686,269,41,1,779.86
687,270,36,1,34.16
688,271,68,1,543.49
689,271,46,1,451.01
690,271,75,1,964.11
691,271,30,3,217.87
692,272,35,3,317.0
693,272,69,1,652.99
694,273,74,2,609.23
695,273,50,1,342.15
696,274,31,3,446.93
697,274,41,3,779.86
698,275,4,3,217.77
699,275,46,1,451.01
700,275,73,3,701.77
701,276,64,2,59.73
702,276,70,1,949.17
703,277,5,3,781.53
704,277,12,1,207.38
705,277,8,1,34.51
706,277,30,3,217.87
707,278,1,2,903.99
708,278,43,3,461.44
709,278,26,1,413.9
710,278,17,2,124.07
711,279,3,1,51.37
712,280,15,2,285.54
713,280,68,1,543.49
714,281,51,2,159.17
715,281,13,2,311.83
716,281,44,1,535.29
717,282,56,3,755.19
718,282,63,2,433.9
719,283,72,1,123.13
720,283,46,3,451.01
721,284,49,3,86.63
722,284,40,3,155.95
723,285,17,3,124.07
724,285,23,3,436.55
725,285,1,2,903.99
726,286,24,3,320.46
727,287,29,2,551.91
728,287,73,1,701.77
729,287,14,2,33.4
730,288,31,2,446.93
731,289,22,2,710.99
732,289,12,1,207.38
733,289,43,2,461.44
734,290,32,2,477.98
735,290,9,2,803.41
736,291,1,1,903.99
737,292,57,2,749.29
738,292,54,2,833.73
739,292,22,2,710.99
740,292,53,3,546.64
741,293,13,1,311.83
742,293,62,2,568.18
743,293,74,1,609.23
744,293,29,1,551.91
745,294,3,1,51.37
746,294,41,1,779.86
747,294,34,2,819.42
748,295,49,3,86.63
749,295,21,1,899.61
750,296,44,3,535.29
751,297,4,1,217.77
752,297,56,1,755.19
753,297,22,2,710.99
754,297,21,1,899.61
755,298,53,3,546.64
756,298,71,3,160.71
757,299,37,1,850.39
758,299,39,1,698.69
759,299,31,2,446.93
760,300,20,2,609.54
761,300,7,1,975.47
762,300,47,2,266.34
763,300,1,3,903.99
764,301,26,1,413.9
765,301,13,3,311.83
766,301,4,2,217.77
767,301,27,1,135.89
768,302,15,2,285.54
769,302,40,3,155.95
770,302,51,2,159.17
771,302,61,1,538.25
772,303,24,1,320.46
773,303,48,2,489.27
774,303,49,2,86.63
775,303,58,2,227.01
776,304,29,1,551.91
777,304,35,1,317.0
778,304,73,3,701.77
779,305,11,3,872.57
780,306,70,3,949.17
781,306,53,1,546.64
782,306,30,2,217.87
783,307,69,2,652.99
784,307,61,2,538.25
785,307,74,1,609.23
786,307,31,2,446.93
787,308,65,3,459.7
788,309,16,1,644.43
789,309,58,1,227.01
790,310,25,1,900.15
791,310,17,2,124.07
792,311,56,1,755.19
793,312,34,3,819.42
794,312,41,1,779.86
795,313,50,3,342.15
796,314,71,2,160.71
797,314,42,1,522.26
798,314,36,3,34.16
799,314,67,3,835.73
800,315,15,3,285.54
801,315,54,3,833.73
802,315,20,3,609.54
803,315,19,1,600.01
804,316,73,1,701.77
805,317,69,2,652.99
806,317,45,2,615.91
807,317,53,3,546.64
808,318,74,2,609.23
809,318,61,2,538.25
810,318,5,1,781.53
811,318,23,3,436.55
812,319,5,1,781.53
813,319,51,3,159.17
814,319,43,2,461.44
815,319,31,2,446.93
816,320,3,2,51.37
817,320,44,2,535.29
818,320,39,2,698.69
819,321,30,1,217.87
820,322,57,3,749.29
821,322,42,2,522.26
822,322,35,3,317.0
823,323,25,2,900.15
824,324,53,3,546.64
825,324,63,2,433.9
826,325,66,1,753.74
827,326,40,3,155.95
828,327,18,1,961.95
829,327,68,1,543.49
830,327,73,1,701.77
831,327,4,1,217.77
832,328,5,1,781.53
833,328,59,2,394.58
834,329,36,2,34.16
835,329,48,3,489.27
836,330,16,2,644.43
837,330,4,3,217.77
838,330,31,2,446.93
839,330,48,1,489.27
840,331,71,3,160.71
841,331,45,3,615.91
842,331,21,1,899.61
843,331,34,2,819.42
844,332,50,1,342.15
845,333,74,1,609.23
846,333,28,3,749.91
847,334,27,3,135.89
848,334,35,2,317.0
849,335,2,2,586.1
850,336,23,1,436.55
851,336,2,2,586.1
852,337,36,2,34.16
853,337,55,2,386.2
854,337,49,2,86.63
855,338,60,3,173.23
856,338,39,3,698.69
857,339,75,3,964.11
858,339,14,2,33.4
859,339,1,3,903.99
860,339,66,3,753.74
861,340,39,1,698.69
862,340,14,2,33.4
863,340,62,2,568.18
864,341,36,1,34.16
865,341,34,1,819.42
866,341,39,3,698.69
867,342,8,3,34.51
868,342,52,2,221.6
869,343,4,2,217.77
870,343,64,2,59.73
871,344,52,3,221.6
872,344,50,3,342.15
873,344,5,1,781.53
874,344,75,2,964.11
875,345,69,3,652.99
876,345,61,2,538.25
877,346,22,2,710.99
878,346,72,1,123.13
879,346,24,2,320.46
880,347,34,1,819.42
881,347,72,3,123.13
882,348,12,1,207.38
883,348,29,3,551.91
884,348,46,2,451.01
885,349,43,2,461.44
886,349,48,2,489.27
887,349,34,1,819.42
888,349,75,2,964.11
889,350,75,3,964.11
890,351,61,1,538.25
891,352,49,3,86.63
892,353,53,1,546.64
893,353,7,1,975.47
894,353,20,2,609.54
895,354,73,3,701.77
896,354,59,1,394.58
897,354,19,1,600.01
898,354,41,2,779.86
899,355,23,1,436.55
900,355,41,2,779.86
901,355,8,2,34.51
902,356,22,1,710.99
903,356,74,2,609.23
904,357,17,3,124.07
905,358,55,1,386.2
906,358,52,1,221.6
907,358,62,3,568.18
908,358,50,1,342.15
909,359,2,1,586.1
910,359,42,1,522.26
911,359,68,3,543.49
912,360,32,1,477.98
913,361,40,2,155.95
914,361,17,3,124.07
915,361,14,3,33.4
916,362,22,2,710.99
917,362,9,2,803.41
918,362,6,2,751.23
919,363,56,2,755.19
920,363,18,2,961.95
921,363,44,1,535.29
922,364,52,1,221.6
923,364,3,1,51.37
924,365,28,3,749.91
925,365,3,3,51.37
926,366,16,3,644.43
927,366,47,3,266.34
928,367,49,3,86.63
929,368,69,3,652.99
930,368,7,1,975.47
931,368,14,1,33.4
932,369,54,2,833.73
933,370,16,3,644.43
934,370,71,1,160.71
935,370,33,1,93.86
936,370,61,3,538.25
937,371,39,2,698.69
938,372,67,2,835.73
939,373,54,3,833.73
940,373,14,3,33.4
941,374,37,1,850.39
942,375,64,1,59.73
943,376,34,1,819.42
944,376,67,2,835.73
945,377,38,2,886.39
946,377,21,1,899.61
947,377,6,3,751.23
948,377,71,2,160.71
949,378,31,3,446.93
950,378,1,1,903.99
951,378,2,1,586.1
952,379,20,3,609.54
953,379,12,3,207.38
954,379,66,1,753.74
955,379,10,2,167.45
956,380,59,2,394.58
957,380,38,2,886.39
958,381,13,1,311.83
959,382,38,2,886.39
960,383,55,1,386.2
961,383,15,1,285.54
962,383,13,1,311.83
963,384,43,2,461.44
964,384,46,3,451.01
965,385,12,1,207.38
966,385,48,1,489.27
967,385,44,2,535.29
968,386,59,2,394.58
969,386,35,3,317.0
970,386,50,1,342.15
971,386,62,1,568.18
972,387,8,1,34.51
973,387,21,2,899.61
974,388,73,2,701.77
975,388,57,3,749.29
976,388,24,1,320.46
977,388,49,3,86.63
978,389,62,1,568.18
979,389,63,2,433.9
980,390,6,1,751.23
981,390,9,3,803.41
982,390,34,3,819.42
983,390,41,3,779.86
984,391,44,3,535.29
985,391,67,3,835.73
986,392,56,3,755.19
987,393,62,3,568.18
988,393,45,3,615.91
989,394,20,3,609.54
990,394,72,1,123.13
991,394,7,3,975.47
992,394,2,2,586.1
993,395,22,1,710.99
994,395,10,2,167.45
995,395,63,2,433.9
996,395,42,1,522.26
997,396,71,2,160.71
998,396,49,1,86.63
999,397,59,2,394.58
1000,398,12,1,207.38
1001,398,64,2,59.73
1002,398,58,3,227.01
1003,398,41,3,779.86
1004,399,14,2,33.4
1005,400,5,1,781.53
1006,400,72,3,123.13
1007,400,71,3,160.71
1008,400,1,3,903.99
1009,401,66,3,753.74
1010,401,72,3,123.13
1011,401,27,2,135.89
1012,402,47,2,266.34
1013,402,7,2,975.47
1014,402,29,3,551.91
1015,403,47,3,266.34
1016,403,58,1,227.01
1017,403,15,1,285.54
1018,403,13,2,311.83
1019,404,38,2,886.39
1020,404,71,3,160.71
1021,404,67,1,835.73
1022,405,22,2,710.99
1023,406,53,2,546.64
1024,406,14,3,33.4
1025,407,25,2,900.15
1026,407,16,1,644.43
1027,408,25,1,900.15
1028,408,44,3,535.29
1029,408,14,3,33.4
1030,408,54,3,833.73
1031,409,58,2,227.01
1032,410,64,3,59.73
1033,410,1,3,903.99
1034,411,71,2,160.71
1035,412,66,1,753.74
1036,412,23,2,436.55
1037,412,75,3,964.11
1038,412,17,3,124.07
1039,413,65,3,459.7
1040,413,50,3,342.15
1041,413,54,1,833.73
1042,414,51,2,159.17
1043,414,44,1,535.29
1044,414,38,1,886.39
1045,415,66,3,753.74
1046,415,39,3,698.69
1047,415,71,3,160.71
1048,415,41,3,779.86
1049,416,26,3,413.9
1050,416,27,3,135.89
1051,417,45,3,615.91
1052,417,17,3,124.07
1053,417,23,3,436.55
1054,418,15,2,285.54
1055,418,46,3,451.01
1056,418,72,3,123.13
1057,419,69,3,652.99
1058,419,37,1,850.39
1059,419,55,1,386.2
1060,419,2,2,586.1
1061,420,7,1,975.47
1062,420,8,2,34.51
1063,421,37,1,850.39
1064,421,33,1,93.86
1065,422,27,2,135.89
1066,422,70,2,949.17
1067,422,5,1,781.53
1068,423,72,1,123.13
1069,423,50,3,342.15
1070,424,7,2,975.47
1071,424,49,3,86.63
1072,424,50,2,342.15
1073,425,2,3,586.1
1074,426,26,3,413.9
1075,426,57,3,749.29
1076,426,29,3,551.91
1077,427,70,2,949.17
1078,427,26,2,413.9
1079,427,25,1,900.15
1080,428,24,1,320.46
1081,429,49,1,86.63
1082,430,36,1,34.16
1083,430,72,3,123.13
1084,430,34,2,819.42
1085,430,17,1,124.07
1086,431,60,1,173.23
1087,431,20,2,609.54
1088,431,6,3,751.23
1089,432,39,2,698.69
1090,433,10,1,167.45
1091,433,41,1,779.86
1092,433,68,3,543.49
1093,434,65,1,459.7
1094,435,70,2,949.17
1095,435,69,1,652.99
1096,435,52,1,221.6
1097,435,12,3,207.38
1098,436,43,1,461.44
1099,436,47,3,266.34
1100,436,38,3,886.39
1101,437,72,2,123.13
1102,437,2,1,586.1
1103,437,15,3,285.54
1104,437,45,3,615.91
1105,438,6,2,751.23
1106,438,42,1,522.26
1107,439,33,3,93.86
1108,439,70,2,949.17
1109,439,37,3,850.39
1110,439,4,3,217.77
1111,440,63,2,433.9
1112,440,6,3,751.23
1113,440,38,1,886.39
1114,440,25,1,900.15
1115,441,69,3,652.99
1116,441,1,1,903.99
1117,442,28,1,749.91
1118,442,55,1,386.2
1119,443,10,3,167.45
1120,443,20,2,609.54
1121,443,4,1,217.77
1122,443,59,1,394.58
1123,444,7,1,975.47
1124,445,72,1,123.13
1125,445,10,2,167.45
1126,445,74,2,609.23
1127,446,58,1,227.01
1128,446,52,2,221.6
1129,446,56,3,755.19
1130,446,41,1,779.86
1131,447,9,3,803.41
1132,448,10,2,167.45
1133,449,38,3,886.39
1134,450,12,2,207.38
1135,450,37,2,850.39
1136,450,57,3,749.29
1137,451,61,1,538.25
1138,452,18,3,961.95
1139,452,51,2,159.17
1140,453,39,1,698.69
1141,453,48,3,489.27
1142,454,16,1,644.43
1143,454,6,3,751.23
1144,455,69,1,652.99
1145,455,71,3,160.71
1146,455,11,3,872.57
1147,455,40,3,155.95
1148,456,28,1,749.91
1149,456,53,1,546.64
1150,456,66,1,753.74
1151,457,33,1,93.86
1152,457,25,1,900.15
1153,458,71,2,160.71
1154,459,38,3,886.39
1155,460,33,1,93.86
1156,461,75,2,964.11
1157,461,63,2,433.9
1158,462,31,2,446.93
1159,462,13,3,311.83
1160,463,25,2,900.15
1161,464,58,1,227.01
1162,464,43,3,461.44
1163,464,40,3,155.95
1164,464,75,2,964.11
1165,465,55,2,386.2
1166,465,22,1,710.99
1167,465,1,1,903.99
1168,466,36,2,34.16
1169,466,47,2,266.34
1170,466,18,2,961.95
1171,466,43,2,461.44
1172,467,63,1,433.9
1173,467,71,3,160.71
1174,467,14,3,33.4
1175,468,36,1,34.16
1176,469,34,3,819.42
1177,469,10,1,167.45
1178,470,65,3,459.7
1179,471,75,3,964.11
1180,472,28,3,749.91
1181,472,5,3,781.53
1182,472,71,2,160.71
1183,472,34,3,819.42
1184,473,47,1,266.34
1185,473,51,3,159.17
1186,474,18,3,961.95
1187,474,60,1,173.23
1188,474,65,2,459.7
1189,475,65,3,459.7
1190,475,2,3,586.1
1191,475,31,1,446.93
1192,476,58,1,227.01
1193,476,21,3,899.61
1194,477,62,1,568.18
1195,477,46,1,451.01
1196,478,30,1,217.87
1197,478,9,1,803.41
1198,478,34,3,819.42
1199,478,48,1,489.27
1200,479,50,1,342.15
1201,479,61,1,538.25
1202,479,59,3,394.58
1203,480,14,3,33.4
1204,480,67,2,835.73
1205,480,36,3,34.16
1206,481,49,3,86.63
1207,481,47,3,266.34
1208,482,67,2,835.73
1209,483,29,2,551.91
1210,483,67,2,835.73
1211,483,52,2,221.6
1212,483,46,3,451.01
1213,484,65,1,459.7
1214,485,22,3,710.99
1215,485,30,2,217.87
1216,485,10,1,167.45
1217,485,66,1,753.74
1218,486,21,3,899.61
1219,486,47,3,266.34
1220,487,30,2,217.87
1221,488,15,3,285.54
1222,488,62,1,568.18
1223,488,27,3,135.89
1224,489,3,3,51.37
1225,489,32,3,477.98
1226,489,6,1,751.23
1227,489,17,1,124.07
1228,490,74,1,609.23
1229,491,22,2,710.99
1230,492,67,3,835.73
1231,492,52,3,221.6
1232,493,37,1,850.39
1233,494,58,2,227.01
1234,494,61,1,538.25
1235,495,53,3,546.64
1236,495,19,1,600.01
1237,496,22,3,710.99
1238,496,44,3,535.29
1239,496,59,1,394.58
1240,497,49,1,86.63
1241,497,50,1,342.15
1242,498,26,3,413.9
1243,499,20,3,609.54
1244,499,13,3,311.83
1245,499,23,1,436.55
1246,499,61,3,538.25
1247,500,12,2,207.38
1248,501,70,3,949.17
1249,501,1,3,903.99
1250,502,67,3,835.73
1251,502,54,3,833.73
1252,502,48,2,489.27
1253,502,6,1,751.23
1254,503,49,2,86.63
1255,503,45,1,615.91
1256,503,74,2,609.23
1257,503,13,2,311.83
1258,504,11,3,872.57
1259,504,37,3,850.39
1260,505,33,3,93.86
1261,505,25,1,900.15
1262,505,1,3,903.99
1263,505,74,1,609.23
1264,506,27,1,135.89
1265,506,41,1,779.86
1266,506,53,2,546.64
1267,506,47,3,266.34
1268,507,34,3,819.42
1269,507,69,2,652.99
1270,507,55,3,386.2
1271,508,51,3,159.17
1272,508,27,3,135.89
1273,508,53,2,546.64
1274,509,48,3,489.27
1275,509,72,2,123.13
1276,510,40,3,155.95
1277,510,74,2,609.23
1278,510,45,3,615.91
1279,511,16,2,644.43
1280,511,30,3,217.87
1281,512,13,3,311.83
1282,512,28,2,749.91
1283,513,71,2,160.71
1284,513,7,3,975.47
1285,513,21,1,899.61
1286,514,19,2,600.01
1287,515,12,2,207.38
1288,515,9,1,803.41
1289,515,34,3,819.42
1290,515,29,1,551.91
1291,516,52,1,221.6
1292,516,67,3,835.73
1293,516,37,2,850.39
1294,516,8,2,34.51
1295,517,26,3,413.9
1296,518,25,3,900.15
1297,518,5,3,781.53
1298,518,66,1,753.74
1299,519,5,1,781.53
1300,519,47,3,266.34
1301,520,21,1,899.61
1302,521,52,2,221.6
1303,521,46,3,451.01
1304,521,51,1,159.17
1305,522,9,1,803.41
1306,523,72,2,123.13
1307,523,75,2,964.11
1308,523,45,1,615.91
1309,524,59,3,394.58
1310,524,52,1,221.6
1311,525,23,1,436.55
1312,525,53,3,546.64
1313,525,65,1,459.7
1314,526,44,2,535.29
1315,526,15,3,285.54
1316,526,66,3,753.74
1317,527,57,2,749.29
1318,527,49,1,86.63
1319,527,73,2,701.77
1320,528,59,2,394.58
1321,528,4,1,217.77
1322,528,62,2,568.18
1323,528,15,3,285.54
1324,529,30,2,217.87
1325,529,41,2,779.86
1326,530,34,1,819.42
1327,531,12,1,207.38
1328,531,52,3,221.6
1329,531,44,1,535.29
1330,532,41,2,779.86
1331,532,46,1,451.01
1332,532,28,3,749.91
1333,532,74,3,609.23
1334,533,64,1,59.73
1335,533,26,3,413.9
1336,534,34,1,819.42
1337,534,27,1,135.89
1338,535,46,1,451.01
1339,535,20,1,609.54
1340,536,64,3,59.73
1341,537,70,1,949.17
1342,538,48,2,489.27
1343,538,41,2,779.86
1344,538,64,1,59.73
1345,538,74,3,609.23
1346,539,51,1,159.17
1347,539,29,1,551.91
1348,539,74,3,609.23
1349,540,62,2,568.18
1350,540,70,2,949.17
1351,540,5,3,781.53
1352,540,65,1,459.7
1353,541,16,3,644.43
1354,541,67,1,835.73
1355,541,59,1,394.58
1356,541,41,3,779.86
1357,542,49,1,86.63
1358,542,75,2,964.11
1359,543,34,2,819.42
1360,543,24,1,320.46
1361,543,71,2,160.71
1362,544,44,2,535.29
1363,544,47,1,266.34
1364,544,24,2,320.46
1365,544,64,3,59.73
1366,545,47,2,266.34
1367,545,52,1,221.6
1368,545,36,3,34.16
1369,546,74,1,609.23
1370,546,30,3,217.87
1371,547,31,2,446.93
1372,547,72,1,123.13
1373,547,56,1,755.19
1374,548,61,1,538.25
1375,548,2,2,586.1
1376,549,18,2,961.95
1377,549,67,2,835.73
1378,549,69,2,652.99
1379,549,41,3,779.86
1380,550,51,1,159.17
1381,551,8,2,34.51
1382,551,28,2,749.91
1383,552,58,3,227.01
1384,553,34,3,819.42
1385,553,47,2,266.34
1386,553,72,2,123.13
1387,554,53,1,546.64
1388,555,26,1,413.9
1389,555,74,2,609.23
1390,555,69,2,652.99
1391,556,66,1,753.74
1392,556,63,2,433.9
1393,556,58,3,227.01
1394,557,60,3,173.23
1395,557,19,2,600.01
1396,557,22,2,710.99
1397,558,10,1,167.45
1398,558,11,2,872.57
1399,558,21,2,899.61
1400,558,44,3,535.29
1401,559,35,2,317.0
1402,559,51,3,159.17
1403,559,57,3,749.29
1404,560,53,1,546.64
1405,560,22,3,710.99
1406,560,24,1,320.46
1407,560,3,3,51.37
1408,561,11,2,872.57
1409,561,27,1,135.89
1410,561,22,1,710.99
1411,562,61,3,538.25
1412,563,4,2,217.77
1413,564,14,2,33.4
1414,565,11,2,872.57
1415,565,50,1,342.15
1416,566,37,3,850.39
1417,566,57,1,749.29
1418,567,68,1,543.49
1419,567,22,1,710.99
1420,568,42,3,522.26
1421,568,61,2,538.25
1422,568,60,3,173.23
1423,569,18,3,961.95
1424,569,70,3,949.17
1425,569,23,3,436.55
1426,569,59,3,394.58
1427,570,68,2,543.49
1428,570,69,3,652.99
1429,570,40,1,155.95
1430,570,45,1,615.91
1431,571,40,1,155.95
1432,571,47,2,266.34
1433,571,53,1,546.64
1434,571,34,1,819.42
1435,572,45,2,615.91
1436,572,37,3,850.39
1437,573,63,2,433.9
1438,574,2,3,586.1
1439,574,56,1,755.19
1440,574,38,1,886.39
1441,575,25,2,900.15
1442,575,53,2,546.64
1443,575,72,1,123.13
1444,576,50,1,342.15
1445,576,49,2,86.63
1446,577,55,3,386.2
1447,578,67,2,835.73
1448,578,35,3,317.0
1449,579,53,1,546.64
1450,579,25,1,900.15
1451,579,9,2,803.41
1452,580,59,3,394.58
1453,581,35,1,317.0
1454,581,63,1,433.9
1455,581,25,1,900.15
1456,581,42,3,522.26
1457,582,24,1,320.46
1458,583,35,3,317.0
1459,583,17,1,124.07
1460,583,57,1,749.29
1461,584,20,1,609.54
1462,585,28,2,749.91
1463,585,44,2,535.29
1464,585,54,2,833.73
1465,585,40,3,155.95
1466,586,43,1,461.44
1467,587,8,2,34.51
1468,587,35,1,317.0
1469,588,24,1,320.46
1470,588,25,1,900.15
1471,588,33,3,93.86
1472,588,49,1,86.63
1473,589,57,2,749.29
1474,589,32,3,477.98
1475,589,5,1,781.53
1476,589,26,3,413.9
1477,590,61,3,538.25
1478,590,50,2,342.15
1479,591,21,3,899.61
1480,591,6,1,751.23
1481,591,71,2,160.71
1482,592,39,3,698.69
1483,592,26,1,413.9
1484,592,47,1,266.34
1485,592,7,1,975.47
1486,593,42,3,522.26
1487,593,2,1,586.1
1488,593,22,2,710.99
1489,593,36,1,34.16
1490,594,6,3,751.23
1491,595,20,1,609.54
1492,595,48,2,489.27
1493,595,12,1,207.38
1494,595,32,3,477.98
1495,596,8,3,34.51
1496,596,46,3,451.01
1497,596,20,1,609.54
1498,597,63,2,433.9
1499,597,30,3,217.87
1500,598,57,3,749.29
1501,598,25,2,900.15
1502,598,3,2,51.37
1503,599,33,2,93.86
1504,599,6,3,751.23
1505,600,72,1,123.13
1506,600,38,3,886.39
1507,600,70,1,949.17
1508,600,63,3,433.9
1509,601,42,3,522.26
1510,601,60,3,173.23
1511,601,36,1,34.16
1512,602,68,1,543.49
1513,603,38,2,886.39
1514,603,34,1,819.42
1515,603,70,3,949.17
1516,603,47,3,266.34
1517,604,24,2,320.46
1518,604,3,3,51.37
1519,604,47,1,266.34
1520,604,31,3,446.93
1521,605,25,1,900.15
1522,605,68,3,543.49
1523,605,64,2,59.73
1524,605,71,2,160.71
1525,606,42,3,522.26
1526,606,15,1,285.54
1527,606,13,1,311.83
1528,606,67,1,835.73
1529,607,5,1,781.53
1530,607,26,2,413.9
1531,608,13,3,311.83
1532,608,5,3,781.53
1533,609,63,2,433.9
1534,609,68,1,543.49
1535,609,33,3,93.86
1536,609,7,3,975.47
1537,610,2,1,586.1
1538,611,11,3,872.57
1539,611,60,3,173.23
1540,611,8,2,34.51
1541,611,47,2,266.34
1542,612,35,3,317.0
1543,613,10,2,167.45
1544,614,28,3,749.91
1545,615,13,3,311.83
1546,616,69,1,652.99
1547,616,50,1,342.15
1548,617,73,3,701.77
1549,617,23,3,436.55
1550,618,14,3,33.4
1551,618,74,3,609.23
1552,618,46,2,451.01
1553,618,59,1,394.58
1554,619,24,2,320.46
1555,619,71,3,160.71
1556,620,21,2,899.61
1557,620,69,2,652.99
1558,620,57,3,749.29
1559,621,48,3,489.27
1560,621,53,2,546.64
1561,621,56,3,755.19
1562,622,73,1,701.77
1563,622,70,2,949.17
1564,623,47,1,266.34
1565,623,58,3,227.01
1566,623,51,1,159.17
1567,624,3,2,51.37
1568,624,67,1,835.73
1569,624,18,2,961.95
1570,625,28,1,749.91
1571,625,41,3,779.86
1572,626,71,3,160.71
1573,626,66,3,753.74
1574,626,72,1,123.13
1575,627,5,2,781.53
1576,628,20,2,609.54
1577,628,18,3,961.95
1578,628,34,1,819.42
1579,629,33,1,93.86
1580,629,39,3,698.69
1581,630,73,2,701.77
1582,630,28,1,749.91
1583,630,10,2,167.45
1584,630,42,3,522.26
1585,631,39,1,698.69
1586,632,11,2,872.57
1587,632,8,2,34.51
1588,632,43,1,461.44
1589,632,45,1,615.91
1590,633,49,1,86.63
1591,634,68,3,543.49
1592,634,6,3,751.23
1593,634,41,1,779.86
1594,635,65,1,459.7
1595,635,29,3,551.91
1596,635,20,3,609.54
1597,636,58,1,227.01
1598,636,74,2,609.23
1599,636,65,2,459.7
1600,636,12,2,207.38
1601,637,17,1,124.07
1602,637,44,2,535.29
1603,638,71,2,160.71
1604,639,11,2,872.57
1605,639,52,3,221.6
1606,639,65,1,459.7
1607,640,62,1,568.18
1608,640,72,2,123.13
1609,641,74,1,609.23
1610,641,26,1,413.9
1611,641,72,1,123.13
1612,641,68,2,543.49
1613,642,42,3,522.26
1614,642,74,2,609.23
1615,642,12,2,207.38
1616,642,15,2,285.54
1617,643,25,3,900.15
1618,643,42,3,522.26
1619,643,45,1,615.91
1620,644,22,3,710.99
1621,644,45,1,615.91
1622,644,57,2,749.29
1623,645,30,1,217.87
1624,646,20,3,609.54
1625,646,11,1,872.57
1626,646,15,1,285.54
1627,647,37,2,850.39
1628,647,2,3,586.1
1629,648,40,2,155.95
1630,649,3,1,51.37
1631,649,43,1,461.44
1632,649,27,3,135.89
1633,649,69,3,652.99
1634,650,71,3,160.71
1635,650,62,3,568.18
1636,650,19,3,600.01
1637,651,49,3,86.63
1638,652,33,1,93.86
1639,653,37,1,850.39
1640,654,7,1,975.47
1641,654,60,2,173.23
1642,654,2,3,586.1
1643,655,47,2,266.34
1644,655,14,3,33.4
1645,655,3,2,51.37
1646,656,49,3,86.63
1647,656,66,1,753.74
1648,657,63,1,433.9
1649,657,69,1,652.99
1650,657,12,3,207.38
1651,658,72,3,123.13
1652,658,3,2,51.37
1653,658,6,2,751.23
1654,658,32,2,477.98
1655,659,21,2,899.61
1656,659,3,3,51.37
1657,659,45,2,615.91
1658,659,46,1,451.01
1659,660,8,1,34.51
1660,660,33,3,93.86
1661,660,50,2,342.15
1662,661,20,2,609.54
1663,661,44,3,535.29
1664,662,12,3,207.38
1665,662,49,3,86.63
1666,663,54,3,833.73
1667,663,31,1,446.93
1668,664,40,1,155.95
1669,664,43,1,461.44
1670,664,58,3,227.01
1671,664,70,1,949.17
1672,665,18,3,961.95
1673,665,40,3,155.95
1674,666,56,3,755.19
1675,666,19,3,600.01
1676,667,41,3,779.86
1677,667,9,3,803.41
1678,668,24,2,320.46
1679,669,4,2,217.77
1680,669,41,2,779.86
1681,670,57,1,749.29
1682,670,36,1,34.16
1683,670,20,1,609.54
1684,671,4,3,217.77
1685,671,35,3,317.0
1686,672,30,2,217.87
1687,672,4,1,217.77
1688,673,18,1,961.95
1689,673,65,2,459.7
1690,673,61,2,538.25
1691,673,48,2,489.27
1692,674,21,1,899.61
1693,674,25,1,900.15
1694,675,2,3,586.1
1695,675,35,3,317.0
1696,675,53,1,546.64
1697,675,29,1,551.91
1698,676,23,2,436.55
1699,677,42,2,522.26
1700,677,59,1,394.58
1701,677,32,3,477.98
1702,677,55,3,386.2
1703,678,41,3,779.86
1704,678,51,3,159.17
1705,678,74,3,609.23
1706,678,69,1,652.99
1707,679,58,2,227.01
1708,680,32,3,477.98
1709,681,6,3,751.23
1710,681,72,1,123.13
1711,681,50,1,342.15
1712,681,67,2,835.73
1713,682,51,1,159.17
1714,682,39,2,698.69
1715,682,37,2,850.39
1716,682,60,3,173.23
1717,683,67,1,835.73
1718,684,58,1,227.01
1719,684,12,3,207.38
1720,684,65,3,459.7
1721,684,15,3,285.54
1722,685,51,2,159.17
1723,685,53,2,546.64
1724,686,23,2,436.55
1725,687,59,2,394.58
1726,687,12,2,207.38
1727,688,16,1,644.43
1728,688,12,3,207.38
1729,689,47,3,266.34
1730,689,11,3,872.57
1731,689,68,3,543.49
1732,689,50,1,342.15
1733,690,71,2,160.71
1734,690,49,3,86.63
1735,690,6,3,751.23
1736,690,22,1,710.99
1737,691,19,3,600.01
1738,691,23,1,436.55
1739,692,40,1,155.95
1740,692,58,1,227.01
1741,692,37,1,850.39
1742,692,24,1,320.46
1743,693,2,2,586.1
1744,693,59,3,394.58
1745,693,64,1,59.73
1746,694,31,2,446.93
1747,694,28,2,749.91
1748,694,61,1,538.25
1749,694,59,3,394.58
1750,695,32,3,477.98
1751,696,72,1,123.13
1752,696,27,1,135.89
1753,696,7,1,975.47
1754,697,5,3,781.53
1755,697,19,2,600.01
1756,697,74,2,609.23
1757,698,7,1,975.47
1758,699,23,3,436.55
1759,699,21,1,899.61
1760,699,37,2,850.39
1761,699,74,3,609.23
1762,700,5,2,781.53
1763,700,12,2,207.38
1764,700,39,2,698.69
1765,701,55,3,386.2
1766,702,38,2,886.39
1767,703,16,2,644.43
1768,703,36,3,34.16
1769,704,68,3,543.49
1770,704,27,3,135.89
1771,704,8,3,34.51
1772,704,14,3,33.4
1773,705,62,3,568.18
1774,706,55,3,386.2
1775,706,41,3,779.86
1776,706,34,3,819.42
1777,707,17,3,124.07
1778,707,73,3,701.77
1779,707,64,3,59.73
1780,708,64,1,59.73
1781,708,24,1,320.46
1782,708,30,1,217.87
1783,708,38,1,886.39
1784,709,16,1,644.43
1785,709,27,2,135.89
1786,709,54,2,833.73
1787,709,53,3,546.64
1788,710,2,3,586.1
1789,710,26,2,413.9
1790,711,9,3,803.41
1791,711,40,3,155.95
1792,711,39,2,698.69
1793,712,15,3,285.54
1794,713,44,3,535.29
1795,713,51,1,159.17
1796,713,73,1,701.77
1797,714,43,3,461.44
1798,714,44,2,535.29
1799,715,5,3,781.53
1800,715,18,2,961.95
1801,715,62,3,568.18
1802,715,20,2,609.54
1803,716,53,3,546.64
1804,716,8,3,34.51
1805,716,67,3,835.73
1806,716,39,2,698.69
1807,717,27,3,135.89
1808,718,46,2,451.01
1809,718,9,1,803.41
1810,718,20,2,609.54
1811,719,69,1,652.99
1812,719,22,3,710.99
1813,719,74,1,609.23
1814,719,50,2,342.15
1815,720,5,1,781.53
1816,720,35,2,317.0
1817,720,53,1,546.64
1818,721,58,3,227.01
1819,721,39,2,698.69
1820,721,28,1,749.91
1821,722,48,1,489.27
1822,723,12,3,207.38
1823,723,57,1,749.29
1824,724,65,2,459.7
1825,724,20,3,609.54
1826,724,25,3,900.15
1827,724,44,2,535.29
1828,725,19,3,600.01
1829,725,13,1,311.83
1830,725,67,1,835.73
1831,726,59,2,394.58
1832,727,1,2,903.99
1833,728,12,2,207.38
1834,729,6,1,751.23
1835,729,14,3,33.4
1836,729,67,2,835.73
1837,729,40,3,155.95
1838,730,42,1,522.26
1839,730,26,2,413.9
1840,731,69,3,652.99
1841,731,41,1,779.86
1842,731,57,2,749.29
1843,732,21,1,899.61
1844,732,36,1,34.16
1845,733,27,3,135.89
1846,734,71,1,160.71
1847,734,41,3,779.86
1848,734,35,2,317.0
1849,735,22,2,710.99
1850,735,10,3,167.45
1851,736,70,1,949.17
1852,736,57,1,749.29
1853,736,7,2,975.47
1854,737,14,2,33.4
1855,738,12,2,207.38
1856,739,23,2,436.55
1857,739,58,1,227.01
1858,739,46,3,451.01
1859,739,40,3,155.95
1860,740,60,3,173.23
1861,741,12,1,207.38
1862,741,60,2,173.23
1863,742,60,1,173.23
1864,742,61,1,538.25
1865,742,30,3,217.87
1866,743,47,3,266.34
1867,743,51,3,159.17
1868,743,24,2,320.46
1869,744,59,1,394.58
1870,744,63,2,433.9
1871,744,4,1,217.77
1872,745,62,2,568.18
1873,745,60,2,173.23
1874,745,22,3,710.99
1875,746,66,2,753.74
1876,746,14,3,33.4
1877,747,42,3,522.26
1878,748,39,3,698.69
1879,749,52,3,221.6
1880,749,53,1,546.64
1881,749,31,2,446.93
1882,749,32,2,477.98
1883,750,44,1,535.29
1884,751,56,3,755.19
1885,751,73,1,701.77
1886,751,44,1,535.29
1887,751,70,3,949.17
1888,752,74,2,609.23
1889,753,60,2,173.23
1890,754,57,1,749.29
1891,755,52,3,221.6
1892,755,9,3,803.41
1893,755,14,2,33.4
1894,756,64,1,59.73
1895,756,8,1,34.51
1896,756,12,3,207.38
1897,757,19,3,600.01
1898,758,58,2,227.01
1899,758,69,2,652.99
1900,759,26,3,413.9
1901,759,27,3,135.89
1902,759,41,2,779.86
1903,759,39,2,698.69
1904,760,12,3,207.38
1905,760,75,3,964.11
1906,760,2,2,586.1
1907,761,38,2,886.39
1908,761,8,3,34.51
1909,762,1,3,903.99
1910,763,15,1,285.54
1911,763,37,2,850.39
1912,763,4,3,217.77
1913,764,41,3,779.86
1914,764,49,1,86.63
1915,764,52,3,221.6
1916,764,56,1,755.19
1917,765,18,2,961.95
1918,765,25,2,900.15
1919,765,72,1,123.13
1920,765,50,2,342.15
1921,766,18,1,961.95
1922,766,2,3,586.1
1923,767,19,3,600.01
1924,768,56,2,755.19
1925,768,18,3,961.95
1926,768,11,3,872.57
1927,768,54,2,833.73
1928,769,59,2,394.58
1929,769,66,3,753.74
1930,770,50,2,342.15
1931,770,46,3,451.01
1932,770,29,1,551.91
1933,770,24,3,320.46
1934,771,31,3,446.93
1935,771,65,3,459.7
1936,771,35,2,317.0
1937,771,53,1,546.64
1938,772,73,2,701.77
1939,773,15,3,285.54
1940,773,75,1,964.11
1941,773,62,1,568.18
1942,774,60,3,173.23
1943,774,67,3,835.73
1944,774,11,1,872.57
1945,775,61,3,538.25
1946,775,10,3,167.45
1947,776,7,1,975.47
1948,776,44,2,535.29
1949,776,69,2,652.99
1950,777,74,2,609.23
1951,777,43,2,461.44
1952,777,54,1,833.73
1953,777,46,1,451.01
1954,778,73,3,701.77
1955,778,34,2,819.42
1956,778,8,3,34.51
1957,779,74,3,609.23
1958,779,7,2,975.47
1959,780,37,2,850.39
1960,781,17,3,124.07
1961,782,36,2,34.16
1962,783,36,1,34.16
1963,783,33,3,93.86
1964,784,23,3,436.55
1965,785,58,1,227.01
1966,785,48,2,489.27
1967,786,63,3,433.9
1968,786,24,1,320.46
1969,787,11,2,872.57
1970,787,19,2,600.01
1971,787,20,2,609.54
1972,788,57,1,749.29
1973,788,22,3,710.99
1974,789,7,1,975.47
1975,789,34,1,819.42
1976,789,15,2,285.54
1977,790,61,2,538.25
1978,790,39,3,698.69
1979,790,69,3,652.99
1980,790,30,2,217.87
1981,791,34,1,819.42
1982,791,19,2,600.01
1983,791,68,2,543.49
1984,791,56,2,755.19
1985,792,68,3,543.49
1986,792,6,3,751.23
1987,792,13,2,311.83
1988,793,35,3,317.0
1989,793,43,3,461.44
1990,793,13,2,311.83
1991,793,33,2,93.86
1992,794,25,2,900.15
1993,794,67,3,835.73
1994,795,41,1,779.86
1995,795,71,3,160.71
1996,796,9,1,803.41
1997,797,13,2,311.83
1998,797,68,1,543.49
1999,797,14,3,33.4
2000,797,58,2,227.01
2001,798,25,3,900.15
2002,798,5,1,781.53
2003,798,4,1,217.77
2004,799,16,3,644.43
2005,799,12,1,207.38
2006,800,73,2,701.77
2007,800,24,2,320.46
2008,800,15,3,285.54
2009,800,33,1,93.86
2010,801,36,1,34.16
2011,801,55,1,386.2
2012,801,42,2,522.26
2013,801,33,1,93.86
2014,802,50,2,342.15
2015,802,43,1,461.44
2016,802,8,2,34.51
2017,802,34,1,819.42
2018,803,26,1,413.9
2019,803,51,1,159.17
2020,803,23,3,436.55
2021,803,63,2,433.9
2022,804,14,3,33.4
2023,804,57,2,749.29
2024,805,5,1,781.53
2025,806,74,3,609.23
2026,807,58,1,227.01
2027,807,3,3,51.37
2028,807,64,3,59.73
2029,808,5,3,781.53
2030,809,35,3,317.0
2031,809,20,1,609.54
2032,809,43,3,461.44
2033,809,51,3,159.17
2034,810,62,3,568.18
2035,810,56,1,755.19
2036,810,52,1,221.6
2037,810,9,2,803.41
2038,811,16,2,644.43
2039,811,73,3,701.77
2040,811,69,2,652.99
2041,811,46,2,451.01
2042,812,12,2,207.38
2043,813,11,3,872.57
2044,813,59,1,394.58
2045,813,38,1,886.39
2046,814,50,3,342.15
2047,815,39,1,698.69
2048,815,50,3,342.15
2049,816,63,3,433.9
2050,816,11,1,872.57
2051,816,57,1,749.29
2052,817,25,1,900.15
2053,818,63,1,433.9
2054,818,50,3,342.15
2055,819,64,1,59.73
2056,819,69,1,652.99
2057,819,58,2,227.01
2058,820,44,3,535.29
2059,821,52,1,221.6
2060,822,67,3,835.73
2061,822,59,3,394.58
2062,823,75,1,964.11
2063,823,30,1,217.87
2064,824,63,2,433.9
2065,824,3,3,51.37
2066,825,32,3,477.98
2067,826,2,3,586.1
2068,826,23,1,436.55
2069,827,13,3,311.83
2070,827,59,1,394.58
2071,827,22,1,710.99
2072,828,64,3,59.73
2073,829,9,2,803.41
2074,829,26,2,413.9
2075,830,42,1,522.26
2076,830,16,2,644.43
2077,830,74,1,609.23
2078,830,70,1,949.17
2079,831,43,1,461.44
2080,831,9,2,803.41
2081,832,54,3,833.73
2082,832,22,2,710.99
2083,833,57,3,749.29
2084,833,32,1,477.98
2085,834,13,1,311.83
2086,834,49,1,86.63
2087,835,11,3,872.57
2088,835,1,3,903.99
2089,835,23,3,436.55
2090,835,12,2,207.38
2091,836,61,3,538.25
2092,836,17,2,124.07
2093,836,27,3,135.89
2094,836,19,2,600.01
2095,837,31,3,446.93
2096,837,23,2,436.55
2097,837,5,3,781.53
2098,837,24,1,320.46
2099,838,45,3,615.91
2100,838,54,1,833.73
2101,838,1,1,903.99
2102,839,68,1,543.49
2103,840,70,2,949.17
2104,840,65,3,459.7
2105,840,29,3,551.91
2106,841,36,1,34.16
2107,841,7,1,975.47
2108,842,61,1,538.25
2109,842,64,1,59.73
2110,843,7,3,975.47
2111,844,37,2,850.39
2112,844,27,2,135.89
2113,844,56,3,755.19
2114,845,6,1,751.23
2115,845,14,1,33.4
2116,845,7,1,975.47
2117,845,69,2,652.99
2118,846,10,1,167.45
2119,847,75,3,964.11
2120,847,42,3,522.26
2121,847,54,2,833.73
2122,847,26,1,413.9
2123,848,42,1,522.26
2124,849,31,3,446.93
2125,850,26,2,413.9
2126,850,49,3,86.63
2127,850,29,2,551.91
2128,850,10,1,167.45
2129,851,19,2,600.01
2130,851,28,2,749.91
2131,851,59,1,394.58
2132,851,23,2,436.55
2133,852,46,1,451.01
2134,852,35,2,317.0
2135,853,5,1,781.53
2136,853,73,2,701.77
2137,854,15,2,285.54
2138,854,60,2,173.23
2139,855,44,2,535.29
2140,855,29,3,551.91
2141,856,22,3,710.99
2142,856,74,1,609.23
2143,857,53,3,546.64
2144,858,28,1,749.91
2145,858,61,3,538.25
2146,858,60,2,173.23
2147,858,36,3,34.16
2148,859,32,2,477.98
2149,859,42,3,522.26
2150,860,20,1,609.54
2151,860,74,2,609.23
2152,861,6,2,751.23
2153,862,55,3,386.2
2154,863,62,1,568.18
2155,863,13,1,311.83
2156,863,58,3,227.01
2157,863,64,1,59.73
2158,864,28,1,749.91
2159,864,17,3,124.07
2160,864,46,1,451.01
2161,864,38,1,886.39
2162,865,40,3,155.95
2163,865,21,3,899.61
2164,865,59,1,394.58
2165,865,74,2,609.23
2166,866,18,3,961.95
2167,866,52,2,221.6
2168,866,24,3,320.46
2169,866,48,3,489.27
2170,867,10,2,167.45
2171,868,68,2,543.49
2172,868,5,2,781.53
2173,868,38,3,886.39
2174,869,11,3,872.57
2175,869,43,1,461.44
2176,870,7,2,975.47
2177,870,15,2,285.54
2178,870,50,3,342.15
2179,871,47,2,266.34
2180,872,72,3,123.13
2181,872,9,3,803.41
2182,873,18,1,961.95
2183,873,43,3,461.44
2184,874,62,3,568.18
2185,875,29,2,551.91
2186,875,42,2,522.26
2187,876,36,2,34.16
2188,876,7,2,975.47
2189,876,9,2,803.41
2190,876,48,3,489.27
2191,877,61,3,538.25
2192,878,58,1,227.01
2193,878,48,2,489.27
2194,878,9,1,803.41
2195,879,51,1,159.17
2196,880,10,2,167.45
2197,880,14,1,33.4
2198,880,22,3,710.99
2199,881,64,1,59.73
2200,881,20,3,609.54
2201,882,38,2,886.39
2202,883,61,2,538.25
2203,883,45,2,615.91
2204,884,38,1,886.39
2205,885,3,1,51.37
2206,886,53,3,546.64
2207,886,75,3,964.11
2208,886,44,2,535.29
2209,887,68,2,543.49
2210,887,71,3,160.71
2211,887,57,1,749.29
2212,887,59,2,394.58
2213,888,34,2,819.42
2214,888,30,2,217.87
2215,889,7,2,975.47
2216,889,19,2,600.01
2217,889,46,1,451.01
2218,890,69,1,652.99
2219,890,37,1,850.39
2220,891,21,1,899.61
2221,891,31,1,446.93
2222,892,74,2,609.23
2223,892,17,2,124.07
2224,892,57,1,749.29
2225,893,72,3,123.13
2226,893,5,2,781.53
2227,894,19,3,600.01
2228,894,48,1,489.27
2229,894,58,3,227.01
2230,895,16,2,644.43
2231,895,4,1,217.77
2232,895,52,2,221.6
2233,896,20,3,609.54
2234,896,1,2,903.99
2235,896,70,3,949.17
2236,897,61,3,538.25
2237,897,38,1,886.39
2238,897,74,3,609.23
2239,898,44,1,535.29
2240,898,15,3,285.54
2241,898,62,3,568.18
2242,898,6,1,751.23
2243,899,4,2,217.77
2244,899,52,2,221.6
2245,899,29,1,551.91
2246,900,8,3,34.51
2247,900,25,1,900.15
2248,900,75,2,964.11
2249,901,3,3,51.37
2250,901,11,2,872.57
2251,902,66,2,753.74
2252,903,63,3,433.9
2253,903,41,3,779.86
2254,904,47,2,266.34
2255,905,55,2,386.2
2256,905,48,2,489.27
2257,906,37,2,850.39
2258,907,40,1,155.95
2259,907,58,1,227.01
2260,907,72,3,123.13
2261,908,54,3,833.73
2262,908,57,2,749.29
2263,908,37,3,850.39
2264,908,21,2,899.61
2265,909,12,1,207.38
2266,909,19,2,600.01
2267,910,68,1,543.49
2268,910,43,1,461.44
2269,910,9,2,803.41
2270,910,49,3,86.63
2271,911,54,2,833.73
2272,911,23,3,436.55
2273,911,72,3,123.13
2274,912,26,2,413.9
2275,912,24,2,320.46
2276,913,6,3,751.23
2277,913,39,3,698.69
2278,913,75,2,964.11
2279,913,64,1,59.73
2280,914,1,1,903.99
2281,915,39,3,698.69
2282,915,61,3,538.25
2283,915,16,2,644.43
2284,916,23,1,436.55
2285,916,63,2,433.9
2286,916,32,2,477.98
2287,916,4,1,217.77
2288,917,75,2,964.11
2289,917,62,2,568.18
2290,917,73,3,701.77
2291,918,16,1,644.43
2292,918,48,2,489.27
2293,918,66,1,753.74
2294,918,74,3,609.23
2295,919,19,2,600.01
2296,920,18,2,961.95
2297,920,46,2,451.01
2298,920,21,2,899.61
2299,920,7,3,975.47
2300,921,7,3,975.47
2301,921,38,1,886.39
2302,921,68,3,543.49
2303,922,24,3,320.46
2304,922,13,1,311.83
2305,923,41,3,779.86
2306,923,39,3,698.69
2307,923,35,3,317.0
2308,924,13,2,311.83
2309,924,69,1,652.99
2310,924,75,1,964.11
2311,925,67,2,835.73
2312,925,37,2,850.39
2313,926,44,1,535.29
2314,926,21,3,899.61
2315,926,14,1,33.4
2316,926,28,1,749.91
2317,927,54,2,833.73
2318,928,15,1,285.54
2319,929,62,2,568.18
2320,930,47,3,266.34
2321,930,18,3,961.95
2322,930,57,2,749.29
2323,931,39,3,698.69
2324,931,4,1,217.77
2325,932,17,3,124.07
2326,932,19,1,600.01
2327,933,17,2,124.07
2328,933,27,3,135.89
2329,933,11,1,872.57
2330,934,3,2,51.37
2331,935,6,3,751.23
2332,935,26,3,413.9
2333,935,14,3,33.4
2334,935,5,1,781.53
2335,936,16,2,644.43
2336,936,33,3,93.86
2337,936,6,1,751.23
2338,936,9,1,803.41
2339,937,27,3,135.89
2340,938,24,1,320.46
2341,938,45,1,615.91
2342,939,36,2,34.16
2343,939,75,2,964.11
2344,940,65,3,459.7
2345,940,31,3,446.93
2346,941,13,3,311.83
2347,942,68,1,543.49
2348,943,37,3,850.39
2349,943,22,1,710.99
2350,944,28,3,749.91
2351,945,47,1,266.34
2352,945,24,2,320.46
2353,945,57,2,749.29
2354,945,14,2,33.4
2355,946,66,2,753.74
2356,946,30,1,217.87
2357,947,16,3,644.43
2358,947,60,1,173.23
2359,947,15,2,285.54
2360,948,37,1,850.39
2361,948,72,2,123.13
2362,948,6,2,751.23
2363,949,50,2,342.15
2364,950,40,2,155.95
2365,950,57,2,749.29
2366,950,29,2,551.91
2367,950,71,1,160.71
2368,951,61,3,538.25
2369,952,23,3,436.55
2370,952,2,1,586.1
2371,952,63,2,433.9
2372,953,67,2,835.73
2373,953,11,2,872.57
2374,953,16,3,644.43
2375,953,19,3,600.01
2376,954,22,1,710.99
2377,955,26,1,413.9
2378,955,44,1,535.29
2379,955,52,2,221.6
2380,956,36,2,34.16
2381,956,75,2,964.11
2382,956,35,3,317.0
2383,956,52,3,221.6
2384,957,63,2,433.9
2385,957,66,1,753.74
2386,957,36,1,34.16
2387,957,19,2,600.01
2388,958,64,1,59.73
2389,958,30,3,217.87
2390,958,18,1,961.95
2391,958,4,1,217.77
2392,959,4,1,217.77
2393,959,23,2,436.55
2394,959,49,3,86.63
2395,959,42,3,522.26
2396,960,10,3,167.45
2397,961,60,2,173.23
2398,961,26,3,413.9
2399,961,38,2,886.39
2400,961,64,3,59.73
2401,962,70,2,949.17
2402,962,3,1,51.37
2403,962,5,2,781.53
2404,963,41,1,779.86
2405,963,49,1,86.63
2406,963,57,1,749.29
2407,963,59,3,394.58
2408,964,22,1,710.99
2409,964,63,2,433.9
2410,964,56,3,755.19
2411,965,63,3,433.9
2412,965,15,3,285.54
2413,965,73,3,701.77
2414,965,71,2,160.71
2415,966,72,2,123.13
2416,966,21,2,899.61
2417,966,65,2,459.7
2418,966,8,3,34.51
2419,967,46,1,451.01
2420,967,37,3,850.39
2421,967,42,1,522.26
2422,967,8,1,34.51
2423,968,45,3,615.91
2424,968,75,2,964.11
2425,968,4,2,217.77
2426,969,55,2,386.2
2427,970,53,3,546.64
2428,970,45,1,615.91
2429,970,8,1,34.51
2430,971,40,3,155.95
2431,971,11,1,872.57
2432,972,15,1,285.54
2433,972,44,3,535.29
2434,972,22,2,710.99
2435,973,59,3,394.58
2436,974,73,1,701.77
2437,974,66,3,753.74
2438,974,54,2,833.73
2439,974,35,3,317.0
2440,975,41,2,779.86
2441,976,42,1,522.26
2442,976,74,3,609.23
2443,976,13,3,311.83
2444,976,63,1,433.9
2445,977,64,1,59.73
2446,977,65,3,459.7
2447,977,44,2,535.29
2448,978,56,3,755.19
2449,978,26,1,413.9
2450,978,64,3,59.73
2451,979,37,1,850.39
2452,979,34,2,819.42
2453,980,29,3,551.91
2454,980,12,2,207.38
2455,980,75,2,964.11
2456,980,13,1,311.83
2457,981,55,3,386.2
2458,981,27,2,135.89
2459,981,45,3,615.91
2460,981,10,2,167.45
2461,982,70,2,949.17
2462,982,41,2,779.86
2463,982,26,3,413.9
2464,982,54,3,833.73
2465,983,71,1,160.71
2466,983,24,3,320.46
2467,983,3,2,51.37
2468,983,67,1,835.73
2469,984,35,3,317.0
2470,984,69,3,652.99
2471,984,56,1,755.19
2472,984,73,3,701.77
2473,985,47,1,266.34
2474,985,60,1,173.23
2475,986,39,2,698.69
2476,986,56,2,755.19
2477,987,27,2,135.89
2478,988,37,3,850.39
2479,988,21,3,899.61
2480,988,33,1,93.86
2481,989,31,1,446.93
2482,989,15,1,285.54
2483,989,20,2,609.54
2484,989,25,2,900.15
2485,990,72,1,123.13
2486,990,56,1,755.19
2487,990,55,2,386.2
2488,990,5,1,781.53
2489,991,34,2,819.42
2490,992,6,1,751.23
2491,992,63,1,433.9
2492,993,41,3,779.86
2493,994,9,3,803.41
2494,994,53,3,546.64
2495,994,47,1,266.34
2496,995,18,3,961.95
2497,995,31,3,446.93
2498,995,15,1,285.54
2499,995,74,3,609.23
2500,996,64,3,59.73
2501,996,12,1,207.38
2502,996,31,2,446.93
2503,997,75,2,964.11
2504,997,50,1,342.15
2505,997,31,1,446.93
2506,998,23,1,436.55
2507,999,57,3,749.29
2508,999,53,1,546.64
2509,999,33,2,93.86
2510,1000,15,2,285.54
2511,1000,41,2,779.86
2512,1000,70,3,949.17
2513,1001,36,2,34.16
2514,1001,19,2,600.01
2515,1002,40,3,155.95
2516,1002,3,3,51.37
2517,1002,5,1,781.53
2518,1003,33,2,93.86
2519,1003,71,2,160.71
2520,1004,16,2,644.43
2521,1004,69,2,652.99
2522,1004,31,1,446.93
2523,1005,33,2,93.86
2524,1005,39,1,698.69
2525,1005,12,1,207.38
2526,1005,31,2,446.93
2527,1006,53,1,546.64
2528,1006,5,2,781.53
2529,1006,36,2,34.16
2530,1007,43,3,461.44
2531,1007,55,2,386.2
2532,1007,13,3,311.83
2533,1007,21,1,899.61
2534,1008,54,2,833.73
2535,1008,71,3,160.71
2536,1008,42,1,522.26
2537,1009,24,3,320.46
2538,1010,18,3,961.95
2539,1010,1,2,903.99
2540,1010,52,2,221.6
2541,1010,26,3,413.9
2542,1011,15,1,285.54
2543,1012,67,3,835.73
2544,1012,17,3,124.07
2545,1013,41,2,779.86
2546,1013,58,1,227.01
2547,1013,62,3,568.18
2548,1013,18,3,961.95
2549,1014,37,2,850.39
2550,1014,26,2,413.9
2551,1014,11,1,872.57
2552,1015,49,1,86.63
2553,1015,74,3,609.23
2554,1015,29,3,551.91
2555,1015,3,3,51.37
2556,1016,12,1,207.38
2557,1016,60,2,173.23
2558,1017,7,3,975.47
2559,1017,52,2,221.6
2560,1018,20,1,609.54
2561,1018,12,3,207.38
2562,1018,48,1,489.27
2563,1019,68,2,543.49
2564,1020,64,1,59.73
2565,1020,16,2,644.43
2566,1020,29,2,551.91
2567,1020,27,3,135.89
2568,1021,49,3,86.63
2569,1021,17,1,124.07
2570,1021,56,2,755.19
2571,1021,27,3,135.89
2572,1022,54,2,833.73
2573,1022,24,1,320.46
2574,1023,38,2,886.39
2575,1024,58,2,227.01
2576,1024,32,3,477.98
2577,1025,11,2,872.57
2578,1025,2,3,586.1
2579,1025,61,2,538.25
2580,1025,18,3,961.95
2581,1026,50,3,342.15
2582,1026,55,3,386.2
2583,1027,10,1,167.45
2584,1027,13,1,311.83
2585,1027,72,2,123.13
2586,1028,61,3,538.25
2587,1028,46,3,451.01
2588,1029,1,2,903.99
2589,1030,39,3,698.69
2590,1030,51,1,159.17
2591,1030,48,3,489.27
2592,1030,17,1,124.07
2593,1031,22,2,710.99
2594,1031,65,2,459.7
2595,1031,64,1,59.73
2596,1032,41,3,779.86
2597,1033,19,1,600.01
2598,1033,34,1,819.42
2599,1033,15,2,285.54
2600,1033,41,2,779.86
2601,1034,56,3,755.19
2602,1034,37,2,850.39
2603,1034,34,3,819.42
2604,1035,56,3,755.19
2605,1035,22,2,710.99
2606,1035,41,1,779.86
2607,1036,7,1,975.47
2608,1036,25,1,900.15
2609,1036,20,2,609.54
2610,1036,30,2,217.87
2611,1037,60,1,173.23
2612,1037,56,2,755.19
2613,1038,57,2,749.29
2614,1039,59,1,394.58
2615,1039,64,2,59.73
2616,1039,15,1,285.54
2617,1039,19,1,600.01
2618,1040,24,2,320.46
2619,1040,22,3,710.99
2620,1040,66,3,753.74
2621,1041,75,3,964.11
2622,1041,1,3,903.99
2623,1042,54,1,833.73
2624,1042,10,2,167.45
2625,1043,43,1,461.44
2626,1044,16,3,644.43
2627,1044,51,1,159.17
2628,1044,48,2,489.27
2629,1045,4,2,217.77
2630,1045,11,3,872.57
2631,1046,59,1,394.58
2632,1046,35,3,317.0
2633,1046,1,3,903.99
2634,1046,43,2,461.44
2635,1047,73,1,701.77
2636,1047,17,3,124.07
2637,1047,28,2,749.91
2638,1048,8,3,34.51
2639,1048,10,2,167.45
2640,1048,71,1,160.71
2641,1049,33,1,93.86
2642,1049,23,1,436.55
2643,1049,31,1,446.93
2644,1049,52,1,221.6
2645,1050,52,2,221.6
2646,1050,37,2,850.39
2647,1050,20,2,609.54
2648,1050,16,3,644.43
2649,1051,17,2,124.07
2650,1051,46,3,451.01
2651,1051,13,1,311.83
2652,1052,58,3,227.01
2653,1052,50,3,342.15
2654,1052,61,2,538.25
2655,1052,35,1,317.0
2656,1053,48,1,489.27
2657,1053,24,1,320.46
2658,1053,56,3,755.19
2659,1053,55,2,386.2
2660,1054,29,3,551.91
2661,1054,20,3,609.54
2662,1054,64,3,59.73
2663,1054,68,1,543.49
2664,1055,60,2,173.23
2665,1055,56,2,755.19
2666,1055,11,1,872.57
2667,1056,39,3,698.69
2668,1056,32,2,477.98
2669,1057,73,1,701.77
2670,1057,7,1,975.47
2671,1057,71,3,160.71
2672,1058,66,2,753.74
2673,1059,13,2,311.83
2674,1059,60,2,173.23
2675,1059,73,3,701.77
2676,1059,33,1,93.86
2677,1060,15,3,285.54
2678,1061,23,1,436.55
2679,1061,24,2,320.46
2680,1061,51,3,159.17
2681,1061,6,2,751.23
2682,1062,59,2,394.58
2683,1062,58,1,227.01
2684,1062,34,1,819.42
2685,1063,11,3,872.57
2686,1063,34,1,819.42
2687,1064,69,1,652.99
2688,1064,3,1,51.37
2689,1064,1,1,903.99
2690,1064,51,3,159.17
2691,1065,59,3,394.58
2692,1065,52,3,221.6
2693,1065,63,2,433.9
2694,1065,39,3,698.69
2695,1066,39,1,698.69
2696,1066,12,1,207.38
2697,1066,17,1,124.07
2698,1066,18,1,961.95
2699,1067,4,2,217.77
2700,1067,27,3,135.89
2701,1068,31,3,446.93
2702,1068,56,3,755.19
2703,1069,12,2,207.38
2704,1069,39,1,698.69
2705,1070,55,1,386.2
2706,1070,3,3,51.37
2707,1070,15,3,285.54
2708,1070,22,2,710.99
2709,1071,61,1,538.25
2710,1071,3,1,51.37
2711,1071,58,2,227.01
2712,1071,75,3,964.11
2713,1072,7,3,975.47
2714,1072,43,3,461.44
2715,1072,2,2,586.1
2716,1072,14,2,33.4
2717,1073,75,2,964.11
2718,1073,71,2,160.71
2719,1073,38,2,886.39
2720,1073,5,3,781.53
2721,1074,30,2,217.87
2722,1074,8,3,34.51
2723,1074,68,2,543.49
2724,1074,3,3,51.37
2725,1075,35,3,317.0
2726,1076,61,2,538.25
2727,1076,15,3,285.54
2728,1076,64,2,59.73
2729,1076,45,1,615.91
2730,1077,37,2,850.39
2731,1077,25,2,900.15
2732,1078,30,3,217.87
2733,1078,65,3,459.7
2734,1078,29,3,551.91
2735,1078,44,2,535.29
2736,1079,38,2,886.39
2737,1079,50,3,342.15
2738,1080,61,2,538.25
2739,1080,21,3,899.61
2740,1080,27,3,135.89
2741,1081,62,1,568.18
2742,1082,26,3,413.9
2743,1082,21,2,899.61
2744,1083,54,2,833.73
2745,1084,31,1,446.93
2746,1084,27,1,135.89
2747,1084,72,2,123.13
2748,1085,46,3,451.01
2749,1085,21,1,899.61
2750,1085,23,1,436.55
2751,1086,56,1,755.19
2752,1086,15,3,285.54
2753,1086,30,1,217.87
2754,1087,34,3,819.42
2755,1087,44,2,535.29
2756,1087,46,1,451.01
2757,1087,6,3,751.23
2758,1088,7,2,975.47
2759,1089,15,3,285.54
2760,1089,14,1,33.4
2761,1089,72,1,123.13
2762,1089,6,3,751.23
2763,1090,27,2,135.89
2764,1091,38,3,886.39
2765,1091,57,2,749.29
2766,1092,20,3,609.54
2767,1093,43,1,461.44
2768,1093,18,2,961.95
2769,1093,16,2,644.43
2770,1094,32,2,477.98
2771,1095,37,1,850.39
2772,1095,65,2,459.7
2773,1095,22,2,710.99
2774,1096,47,2,266.34
2775,1096,32,1,477.98
2776,1096,20,1,609.54
2777,1096,68,2,543.49
2778,1097,53,1,546.64
2779,1097,59,2,394.58
2780,1097,67,1,835.73
2781,1097,47,1,266.34
2782,1098,11,2,872.57
2783,1099,52,1,221.6
2784,1099,22,2,710.99
2785,1099,56,1,755.19
2786,1100,74,3,609.23
2787,1100,8,3,34.51
2788,1101,54,2,833.73
2789,1101,52,3,221.6
2790,1101,71,3,160.71
2791,1102,45,3,615.91
2792,1102,2,3,586.1
2793,1102,36,1,34.16
2794,1103,58,3,227.01
2795,1103,27,2,135.89
2796,1103,70,3,949.17
2797,1103,57,2,749.29
2798,1104,39,1,698.69
2799,1104,11,3,872.57
2800,1105,50,3,342.15
2801,1105,17,2,124.07
2802,1105,67,1,835.73
2803,1106,66,3,753.74
2804,1107,67,1,835.73
2805,1107,44,1,535.29
2806,1107,21,3,899.61
2807,1108,31,3,446.93
2808,1108,39,1,698.69
2809,1108,55,3,386.2
2810,1109,48,2,489.27
2811,1110,16,2,644.43
2812,1110,7,3,975.47
2813,1110,58,3,227.01
2814,1111,59,2,394.58
2815,1112,75,3,964.11
2816,1112,73,3,701.77
2817,1113,45,2,615.91
2818,1113,39,3,698.69
2819,1114,49,3,86.63
2820,1114,67,1,835.73
2821,1115,42,3,522.26
2822,1116,47,1,266.34
2823,1116,59,1,394.58
2824,1117,53,2,546.64
2825,1117,11,1,872.57
2826,1117,12,2,207.38
2827,1117,8,1,34.51
2828,1118,10,3,167.45
2829,1118,48,3,489.27
2830,1118,68,3,543.49
2831,1118,52,2,221.6
2832,1119,75,2,964.11
2833,1119,64,3,59.73
2834,1119,55,2,386.2
2835,1120,21,2,899.61
2836,1120,19,3,600.01
2837,1120,65,2,459.7
2838,1120,17,1,124.07
2839,1121,28,2,749.91
2840,1122,5,1,781.53
2841,1122,21,3,899.61
2842,1122,72,2,123.13
2843,1122,48,1,489.27
2844,1123,48,3,489.27
2845,1124,6,1,751.23
2846,1124,67,2,835.73
2847,1124,20,2,609.54
2848,1125,39,1,698.69
2849,1125,38,1,886.39
2850,1125,63,1,433.9
2851,1126,7,1,975.47
2852,1126,40,3,155.95
2853,1126,37,2,850.39
2854,1126,28,1,749.91
2855,1127,71,2,160.71
2856,1128,6,2,751.23
2857,1129,74,2,609.23
2858,1129,40,2,155.95
2859,1129,73,2,701.77
2860,1129,58,3,227.01
2861,1130,18,3,961.95
2862,1130,65,2,459.7
2863,1131,58,3,227.01
2864,1131,20,3,609.54
2865,1131,42,3,522.26
2866,1131,12,2,207.38
2867,1132,30,1,217.87
2868,1132,51,3,159.17
2869,1132,44,2,535.29
2870,1132,70,3,949.17
2871,1133,12,3,207.38
2872,1133,22,3,710.99
2873,1133,4,3,217.77
2874,1134,72,1,123.13
2875,1134,16,3,644.43
2876,1134,11,3,872.57
2877,1135,73,3,701.77
2878,1136,61,1,538.25
2879,1136,65,1,459.7
2880,1137,3,1,51.37
2881,1137,36,1,34.16
2882,1138,11,3,872.57
2883,1138,69,1,652.99
2884,1138,42,2,522.26
2885,1138,52,1,221.6
2886,1139,56,1,755.19
2887,1139,24,3,320.46
2888,1139,54,2,833.73
2889,1140,33,3,93.86
2890,1140,12,1,207.38
2891,1140,15,2,285.54
2892,1140,13,1,311.83
2893,1141,33,1,93.86
2894,1141,12,2,207.38
2895,1142,22,1,710.99
2896,1142,8,3,34.51
2897,1142,42,1,522.26
2898,1142,24,2,320.46
2899,1143,13,2,311.83
2900,1143,41,2,779.86
2901,1143,19,2,600.01
2902,1143,53,1,546.64
2903,1144,26,1,413.9
2904,1145,64,3,59.73
2905,1145,66,2,753.74
2906,1146,35,1,317.0
2907,1147,60,1,173.23
2908,1147,71,2,160.71
2909,1147,53,1,546.64
2910,1148,30,3,217.87
2911,1148,3,3,51.37
2912,1148,35,1,317.0
2913,1148,71,1,160.71
2914,1149,39,2,698.69
2915,1149,73,2,701.77
2916,1150,65,1,459.7
2917,1151,48,1,489.27
2918,1151,70,1,949.17
2919,1152,72,2,123.13
2920,1152,58,3,227.01
2921,1152,6,2,751.23
2922,1152,1,3,903.99
2923,1153,1,2,903.99
2924,1153,8,2,34.51
2925,1154,49,3,86.63
2926,1154,45,3,615.91
2927,1154,28,2,749.91
2928,1155,21,3,899.61
2929,1156,39,1,698.69
2930,1157,16,2,644.43
2931,1157,18,1,961.95
2932,1157,72,3,123.13
2933,1157,36,3,34.16
2934,1158,44,2,535.29
2935,1158,34,1,819.42
2936,1158,58,3,227.01
2937,1159,44,3,535.29
2938,1159,27,2,135.89
2939,1159,59,1,394.58
2940,1160,1,1,903.99
2941,1160,61,1,538.25
2942,1161,53,3,546.64
2943,1161,72,3,123.13
2944,1162,51,3,159.17
2945,1162,69,1,652.99
2946,1162,11,3,872.57
2947,1162,10,2,167.45
2948,1163,46,2,451.01
2949,1164,50,1,342.15
2950,1164,23,2,436.55
2951,1164,2,2,586.1
2952,1165,57,1,749.29
2953,1165,2,3,586.1
2954,1166,36,3,34.16
2955,1167,25,3,900.15
2956,1167,12,1,207.38
2957,1167,39,1,698.69
2958,1168,47,3,266.34
2959,1168,5,3,781.53
2960,1168,36,3,34.16
2961,1168,64,1,59.73
2962,1169,26,3,413.9
2963,1170,15,2,285.54
2964,1170,36,1,34.16
2965,1170,73,3,701.77
2966,1170,65,1,459.7
2967,1171,9,3,803.41
2968,1171,17,1,124.07
2969,1172,34,1,819.42
2970,1172,73,3,701.77
2971,1173,25,3,900.15
2972,1173,3,2,51.37
2973,1173,69,3,652.99
2974,1174,1,2,903.99
2975,1174,55,2,386.2
2976,1174,7,2,975.47
2977,1174,42,1,522.26
2978,1175,64,3,59.73
2979,1175,47,1,266.34
2980,1175,67,1,835.73
2981,1175,6,2,751.23
2982,1176,69,2,652.99
2983,1176,58,1,227.01
2984,1176,41,2,779.86
2985,1176,1,1,903.99
2986,1177,29,3,551.91
2987,1178,10,2,167.45
2988,1178,32,2,477.98
2989,1178,26,1,413.9
2990,1178,22,3,710.99
2991,1179,4,2,217.77
2992,1180,4,1,217.77
2993,1180,43,2,461.44
2994,1180,33,1,93.86
2995,1180,32,2,477.98
2996,1181,43,3,461.44
2997,1182,10,1,167.45
2998,1182,57,3,749.29
2999,1183,75,1,964.11
3000,1183,16,2,644.43
3001,1183,11,2,872.57
3002,1183,8,3,34.51
3003,1184,17,1,124.07
3004,1185,8,1,34.51
3005,1185,39,3,698.69
3006,1185,56,1,755.19
3007,1185,9,3,803.41
3008,1186,38,2,886.39
3009,1187,13,2,311.83
3010,1187,53,2,546.64
3011,1187,30,2,217.87
3012,1187,2,2,586.1
3013,1188,44,3,535.29
3014,1189,59,3,394.58
3015,1190,25,3,900.15
3016,1190,14,3,33.4
3017,1190,2,1,586.1
3018,1191,74,3,609.23
3019,1191,17,3,124.07
3020,1192,46,3,451.01
3021,1192,54,3,833.73
3022,1192,62,2,568.18
3023,1193,32,1,477.98
3024,1193,18,1,961.95
3025,1194,40,2,155.95
3026,1194,75,3,964.11
3027,1195,40,1,155.95
3028,1195,75,1,964.11
3029,1195,70,2,949.17
3030,1196,44,1,535.29
3031,1196,38,3,886.39
3032,1196,48,3,489.27
3033,1197,8,3,34.51
3034,1197,31,3,446.93
3035,1198,55,2,386.2
3036,1199,26,2,413.9
3037,1199,9,1,803.41
3038,1200,60,2,173.23
3039,1200,43,3,461.44
3040,1200,75,2,964.11
3041,1200,73,2,701.77
